comment_body,post_date,length,subreddit
Thanks,2023-01-02,1,superhoops
Amazing!,2022-12-24,1,superhoops
Bollox,2022-11-24,1,superhoops
bugger,2022-11-24,1,superhoops
#Warbsback,2022-11-22,1,superhoops
ðŸ˜‚ðŸ˜‚ðŸ˜‚,2022-11-04,1,superhoops
[deleted],2021-08-14,1,superhoops
[deleted],2021-07-27,1,superhoops
Who?,2021-06-15,1,superhoops
Nice,2021-05-13,1,superhoops
Chelsea,2021-05-07,1,superhoops
[deleted],2021-02-20,1,superhoops
Done.,2021-02-08,1,superhoops
Sweet!,2020-11-22,1,superhoops
[deleted],2020-09-26,1,superhoops
ðŸ’°ðŸ’°ðŸ’°,2020-08-26,1,superhoops
[deleted],2020-08-08,1,superhoops
[deleted],2020-07-20,1,superhoops
[deleted],2020-06-27,1,superhoops
[deleted],2020-06-13,1,superhoops
[deleted],2020-05-15,1,superhoops
[deleted],2020-03-05,1,superhoops
[deleted],2020-02-05,1,superhoops
[deleted],2020-01-15,1,superhoops
[deleted],2020-01-09,1,superhoops
Messaged,2019-10-22,1,superhoops
Sauce?,2019-10-14,1,superhoops
Tremendous!,2019-10-05,1,superhoops
set,2019-08-23,1,superhoops
terrible,2019-05-16,1,superhoops
Aye.,2019-04-22,1,superhoops
Cool!,2019-03-13,1,superhoops
[Highlights](https://youtu.be/JJ4Rkeed5LY),2019-02-17,1,superhoops
[deleted],2019-01-07,1,superhoops
Delightful!,2018-12-27,1,superhoops
Excellent ,2018-12-07,1,superhoops
Relegation,2018-08-18,1,superhoops
Joined! ,2018-08-06,1,superhoops
Promotion. ,2018-07-30,1,superhoops
Undefeated. ,2018-07-18,1,superhoops
Wenger ,2018-05-10,1,superhoops
Ainsworth,2018-05-10,1,superhoops
"http://www.wearetherangersboys.com/forum/showthread.php?197932-What-Pub-before-Fulham-Saturday/page2

",2018-03-16,1,superhoops
[deleted],2018-01-02,1,superhoops
[deleted],2017-10-31,1,superhoops
Definetly.,2017-08-02,1,superhoops
*0-4,2017-06-13,1,superhoops
[deleted],2017-02-01,1,superhoops
[deleted],2017-01-29,1,superhoops
[deleted],2016-11-05,1,superhoops
[deleted],2016-10-20,1,superhoops
[deleted],2016-10-02,1,superhoops
[deleted],2016-09-14,1,superhoops
[deleted],2016-09-12,1,superhoops
[deleted],2016-08-12,1,superhoops
Good,2016-07-15,1,superhoops
ðŸ˜¢ðŸ˜¢ðŸ˜¢ðŸ˜¢ðŸ˜¢,2016-05-09,1,superhoops
ðŸ˜‘,2016-04-18,1,superhoops
[deleted],2016-01-30,1,superhoops
:(,2016-01-23,1,superhoops
No.,2016-01-12,1,superhoops
[deleted],2015-12-28,1,superhoops
[deleted],2015-11-04,1,superhoops
*This,2015-10-04,1,superhoops
[deleted],2015-09-04,1,superhoops
Source?,2015-09-01,1,superhoops
Christ...,2015-08-28,1,superhoops
[deleted],2015-08-21,1,superhoops
[deleted],2015-08-19,1,superhoops
:(,2015-08-19,1,superhoops
Hooray! ,2015-08-18,1,superhoops
"joined
",2015-07-26,1,superhoops
:(,2015-06-27,1,superhoops
[deleted],2015-05-24,1,superhoops
[deleted],2015-05-20,1,superhoops
[deleted],2015-05-19,1,superhoops
[deleted],2015-05-14,1,superhoops
[deleted],2015-05-10,1,superhoops
[deleted],2015-05-04,1,superhoops
[deleted],2015-04-28,1,superhoops
[deleted],2015-04-24,1,superhoops
[deleted],2015-04-13,1,superhoops
[deleted],2015-04-10,1,superhoops
[deleted],2015-04-07,1,superhoops
Fuck.,2015-04-07,1,superhoops
[deleted],2015-04-07,1,superhoops
[deleted],2015-04-07,1,superhoops
[deleted],2015-04-04,1,superhoops
CHARLIE,2015-04-04,1,superhoops
CHARLIEEEEE,2015-04-04,1,superhoops
VARGASS,2015-04-04,1,superhoops
[deleted],2015-04-01,1,superhoops
Wanker.,2015-04-01,1,superhoops
[deleted],2015-03-25,1,superhoops
[deleted],2015-03-23,1,superhoops
[deleted],2015-03-21,1,superhoops
[deleted],2015-03-21,1,superhoops
[deleted],2015-03-15,1,superhoops
Matic-esque.,2015-02-24,1,superhoops
[deleted],2015-02-20,1,superhoops
:'(,2015-02-20,1,superhoops
Exciting! ,2015-02-10,1,superhoops
[deleted],2015-01-09,1,superhoops
[deleted],2014-12-28,1,superhoops
"Pulis?
",2014-12-27,1,superhoops
[deleted],2014-11-29,1,superhoops
https://www.youtube.com/watch?v=KJbiele8iWc,2014-11-04,1,superhoops
+TonyPulis,2014-10-07,1,superhoops
+harryout,2014-10-05,1,superhoops
+harryout,2014-10-05,1,superhoops
+fewmoregmes,2014-10-05,1,superhoops
+harryout,2014-10-05,1,superhoops
[deleted],2014-10-05,1,superhoops
http://sport.bt.com/sportfootball/news/queens-park-rangers-22-stoke-city-report-and-reaction-S11363933376760,2014-09-20,1,superhoops
[deleted],2014-09-10,1,superhoops
[deleted],2014-09-09,1,superhoops
[deleted],2014-09-01,1,superhoops
Excellent,2014-08-20,1,superhoops
ffs,2014-06-23,1,superhoops
*Fernandes.,2014-05-27,1,superhoops
LEGEND,2014-05-24,1,superhoops
LEGEND,2014-05-24,1,superhoops
[#DareToBobby](http://imgur.com/YoIXB9v),2014-05-24,1,superhoops
comedy,2014-05-19,1,superhoops
[deleted],2014-05-17,1,superhoops
Viagogo? ,2014-05-12,1,superhoops
https://www.youtube.com/watch?v=JHu1uD8FUkA,2014-05-10,1,superhoops
[deleted],2014-05-09,1,superhoops
*guy's,2014-05-06,1,superhoops
Yuuuuuuuuun,2014-05-04,1,superhoops
Brilliant!,2014-05-03,1,superhoops
[deleted],2014-04-21,1,superhoops
yuuuun,2014-04-19,1,superhoops
[deleted],2014-04-16,1,superhoops
[deleted],2014-04-09,1,superhoops
[deleted],2014-04-05,1,superhoops
[deleted],2014-04-05,1,superhoops
[deleted],2014-04-05,1,superhoops
http://imgur.com/AdiBPrO?tags,2014-03-18,1,superhoops
[deleted],2014-03-18,1,superhoops
[deleted],2014-03-13,1,superhoops
Doh,2014-02-08,1,superhoops
http://www1.skysports.com/football/news/11711/9126746/transfer-news-qpr-chairman-tony-fernandes-admits-julio-cesar-set-to-leave-in-january,2014-01-20,1,superhoops
http://en.wikipedia.org/wiki/Paul-Georges_Ntep,2014-01-15,1,superhoops
Cool!,2014-01-06,1,superhoops
Facepalm.,2013-09-18,1,superhoops
Test,2013-02-12,1,superhoops
9,2013-01-20,1,superhoops
Fuck,2012-12-19,1,superhoops
[Stream](http://cricfree.tv/live/live_football_streaming/manchester_united_v_queens_park_rangers/805),2012-11-24,1,superhoops
http://www.fulhamchronicle.co.uk/london-qpr/2012/08/24/82029-31690990/,2012-08-24,1,superhoops
